Region,Workload,Filename,TCP Connection Time,TLS Handshake Time,Total Connection Time,Time to First Byte,Download Time,Total Time,TLS Version
India,VIDEO,100mb,0:00:00.000034,0:00:00.000419,0:00:00.000751,0:00:00.000734,0:00:00.492935,0:00:00.493678,1.3
India,VIDEO,10mb,0:00:00.000031,0:00:00.000748,0:00:00.001022,0:00:00.000688,0:00:00.041146,0:00:00.041846,1.3
India,VIDEO,50mb,0:00:00.000032,0:00:00.000405,0:00:00.000680,0:00:00.000664,0:00:00.202488,0:00:00.203160,1.3
India,WEB,sample.png,0:00:00.000031,0:00:00.000501,0:00:00.000807,0:00:00.000794,0:00:00.008173,0:00:00.008974,1.3
India,WEB,index.html,0:00:00.000020,0:00:00.000435,0:00:00.000730,0:00:00.000718,0:00:00.003839,0:00:00.004600,1.3
India,WEB,sample.jpg,0:00:00.000031,0:00:00.000489,0:00:00.000791,0:00:00.000775,0:00:00.007303,0:00:00.008085,1.3
India,WEB,sample.csv,0:00:00.000032,0:00:00.000424,0:00:00.000971,0:00:00.000954,0:00:00.003677,0:00:00.004638,1.3
India,WEB,sample.json,0:00:00.000031,0:00:00.000424,0:00:00.000718,0:00:00.000704,0:00:00.004201,0:00:00.004912,1.3
India,WEB,sample.jpg,0:00:00.000030,0:00:00.000631,0:00:00.001353,0:00:00.001333,0:00:00.006560,0:00:00.007905,1.3
India,WEB,sample.jpg,0:00:00.000045,0:00:00.000466,0:00:00.000737,0:00:00.000721,0:00:00.008594,0:00:00.009328,1.3
India,WEB,sample.png,0:00:00.000031,0:00:00.000494,0:00:00.001417,0:00:00.001400,0:00:00.005979,0:00:00.007403,1.3
India,WEB,sample.csv,0:00:00.000030,0:00:00.000490,0:00:00.000755,0:00:00.000743,0:00:00.004071,0:00:00.004820,1.3
India,WEB,sample.csv,0:00:00.000042,0:00:00.000454,0:00:00.000749,0:00:00.000731,0:00:00.004291,0:00:00.005032,1.3
India,WEB,sample.csv,0:00:00.000031,0:00:00.000415,0:00:00.000681,0:00:00.000665,0:00:00.003662,0:00:00.004791,1.3
India,WEB,sample.png,0:00:00.000031,0:00:00.000602,0:00:00.001583,0:00:00.001567,0:00:00.006065,0:00:00.007641,1.3
India,WEB,sample.png,0:00:00.000033,0:00:00.000409,0:00:00.001022,0:00:00.001002,0:00:00.008237,0:00:00.009248,1.3
India,WEB,index.html,0:00:00.000030,0:00:00.001027,0:00:00.001783,0:00:00.001775,0:00:00.004459,0:00:00.006241,1.3
India,WEB,sample.csv,0:00:00.000018,0:00:00.000823,0:00:00.001088,0:00:00.001075,0:00:00.004220,0:00:00.005305,1.3
India,WEB,sample.pdf,0:00:00.000030,0:00:00.000529,0:00:00.000966,0:00:00.000950,0:00:00.004793,0:00:00.005756,1.3
India,WEB,index.html,0:00:00.000032,0:00:00.000448,0:00:00.000793,0:00:00.000782,0:00:00.004645,0:00:00.005435,1.3
India,WEB,sample.csv,0:00:00.000031,0:00:00.000417,0:00:00.000755,0:00:00.000745,0:00:00.004426,0:00:00.005184,1.3
India,WEB,sample.pdf,0:00:00.000033,0:00:00.000421,0:00:00.000713,0:00:00.000686,0:00:00.003549,0:00:00.004244,1.3
India,WEB,index.html,0:00:00.000024,0:00:00.000519,0:00:00.000815,0:00:00.000806,0:00:00.008322,0:00:00.009140,1.3
India,WEB,sample.png,0:00:00.000030,0:00:00.000693,0:00:00.001175,0:00:00.001161,0:00:00.006152,0:00:00.007948,1.3
India,WEB,sample.jpg,0:00:00.000035,0:00:00.000432,0:00:00.000733,0:00:00.000718,0:00:00.005358,0:00:00.006086,1.3
India,WEB,sample.png,0:00:00.000032,0:00:00.000528,0:00:00.000779,0:00:00.000765,0:00:00.006480,0:00:00.007267,1.3
India,WEB,index.html,0:00:00.000020,0:00:00.000383,0:00:00.000680,0:00:00.000668,0:00:00.006932,0:00:00.007608,1.3
India,WEB,sample.png,0:00:00.000020,0:00:00.001267,0:00:00.001643,0:00:00.000728,0:00:00.009488,0:00:00.010229,1.3
India,WEB,sample.csv,0:00:00.000030,0:00:00.000416,0:00:00.000678,0:00:00.000664,0:00:00.004309,0:00:00.004991,1.3
India,WEB,sample.pdf,0:00:00.000033,0:00:00.002740,0:00:00.003004,0:00:00.002991,0:00:00.009693,0:00:00.012698,1.3
India,WEB,sample.csv,0:00:00.000030,0:00:00.000417,0:00:00.000687,0:00:00.000675,0:00:00.004466,0:00:00.005148,1.3
India,WEB,sample.json,0:00:00.000031,0:00:00.000418,0:00:00.000697,0:00:00.000682,0:00:00.005267,0:00:00.005974,1.3
India,WEB,sample.jpg,0:00:00.000030,0:00:00.000480,0:00:00.000789,0:00:00.000776,0:00:00.007789,0:00:00.008572,1.3
India,WEB,sample.png,0:00:00.000030,0:00:00.000442,0:00:00.000732,0:00:00.000716,0:00:00.006503,0:00:00.007239,1.3
India,WEB,sample.json,0:00:00.000032,0:00:00.000446,0:00:00.000728,0:00:00.000715,0:00:00.004628,0:00:00.005353,1.3
India,WEB,index.html,0:00:00.000031,0:00:00.001109,0:00:00.001357,0:00:00.001348,0:00:00.004677,0:00:00.006130,1.3
India,WEB,sample.pdf,0:00:00.000030,0:00:00.000404,0:00:00.000673,0:00:00.000658,0:00:00.003094,0:00:00.003860,1.3
India,WEB,sample.png,0:00:00.000023,0:00:00.000434,0:00:00.000700,0:00:00.000687,0:00:00.011303,0:00:00.011999,1.3
India,WEB,index.html,0:00:00.000029,0:00:00.000855,0:00:00.001585,0:00:00.001568,0:00:00.003992,0:00:00.005570,1.3
India,WEB,sample.csv,0:00:00.000030,0:00:00.000472,0:00:00.000723,0:00:00.000706,0:00:00.004005,0:00:00.004722,1.3
India,WEB,sample.png,0:00:00.000029,0:00:00.000423,0:00:00.000687,0:00:00.000671,0:00:00.006783,0:00:00.007464,1.3
India,WEB,sample.png,0:00:00.000030,0:00:00.000394,0:00:00.001092,0:00:00.001075,0:00:00.006382,0:00:00.007471,1.3
India,WEB,index.html,0:00:00.000030,0:00:00.000390,0:00:00.000646,0:00:00.000638,0:00:00.003226,0:00:00.003895,1.3
India,WEB,sample.jpg,0:00:00.000021,0:00:00.001870,0:00:00.002179,0:00:00.002169,0:00:00.011897,0:00:00.014076,1.3
India,WEB,sample.png,0:00:00.000029,0:00:00.000550,0:00:00.000828,0:00:00.000811,0:00:00.006839,0:00:00.007660,1.3
India,WEB,sample.jpg,0:00:00.000027,0:00:00.000421,0:00:00.000732,0:00:00.000718,0:00:00.008062,0:00:00.008789,1.3
India,WEB,sample.json,0:00:00.000026,0:00:00.000503,0:00:00.001537,0:00:00.001524,0:00:00.004002,0:00:00.005600,1.3
India,WEB,sample.json,0:00:00.000033,0:00:00.000420,0:00:00.000685,0:00:00.000667,0:00:00.004157,0:00:00.004834,1.3
India,WEB,index.html,0:00:00.000021,0:00:00.000890,0:00:00.001134,0:00:00.001119,0:00:00.005839,0:00:00.006970,1.3
India,WEB,sample.csv,0:00:00.000030,0:00:00.000429,0:00:00.000703,0:00:00.000686,0:00:00.005291,0:00:00.005997,1.3
India,WEB,sample.json,0:00:00.000030,0:00:00.000455,0:00:00.000757,0:00:00.000741,0:00:00.003881,0:00:00.004627,1.3
India,WEB,sample.png,0:00:00.000031,0:00:00.000437,0:00:00.000722,0:00:00.000707,0:00:00.007064,0:00:00.007777,1.3
India,WEB,sample.json,0:00:00.000027,0:00:00.000907,0:00:00.001438,0:00:00.001422,0:00:00.007944,0:00:00.009375,1.3
India,WEB,sample.jpg,0:00:00.000032,0:00:00.002087,0:00:00.002394,0:00:00.002380,0:00:00.006915,0:00:00.009326,1.3
India,WEB,sample.pdf,0:00:00.000032,0:00:00.000915,0:00:00.001171,0:00:00.001157,0:00:00.005757,0:00:00.006921,1.3
India,WEB,sample.jpg,0:00:00.000027,0:00:00.000424,0:00:00.000747,0:00:00.000731,0:00:00.014455,0:00:00.015210,1.3
India,WEB,index.html,0:00:00.000031,0:00:00.000614,0:00:00.000888,0:00:00.000873,0:00:00.004649,0:00:00.005926,1.3
India,WEB,sample.json,0:00:00.000030,0:00:00.000426,0:00:00.000703,0:00:00.000686,0:00:00.006978,0:00:00.007902,1.3
India,WEB,index.html,0:00:00.000030,0:00:00.000430,0:00:00.000704,0:00:00.000687,0:00:00.004317,0:00:00.005012,1.3
India,WEB,index.html,0:00:00.000030,0:00:00.000535,0:00:00.000840,0:00:00.000828,0:00:00.003815,0:00:00.004653,1.3
India,WEB,index.html,0:00:00.000542,0:00:00.000433,0:00:00.001234,0:00:00.001218,0:00:00.004573,0:00:00.005798,1.3
India,WEB,sample.csv,0:00:00.000033,0:00:00.000526,0:00:00.001876,0:00:00.001869,0:00:00.008578,0:00:00.010614,1.3
India,WEB,sample.json,0:00:00.000030,0:00:00.000834,0:00:00.001489,0:00:00.001469,0:00:00.004464,0:00:00.005943,1.3
India,WEB,index.html,0:00:00.000033,0:00:00.000417,0:00:00.000680,0:00:00.000667,0:00:00.004072,0:00:00.004744,1.3
India,WEB,sample.pdf,0:00:00.000021,0:00:00.001349,0:00:00.001597,0:00:00.001583,0:00:00.005252,0:00:00.006840,1.3
India,WEB,sample.png,0:00:00.000022,0:00:00.000596,0:00:00.001421,0:00:00.001400,0:00:00.010470,0:00:00.011879,1.3
India,WEB,sample.pdf,0:00:00.000032,0:00:00.000945,0:00:00.001403,0:00:00.001396,0:00:00.005037,0:00:00.006444,1.3
India,WEB,sample.json,0:00:00.000031,0:00:00.000413,0:00:00.000680,0:00:00.000662,0:00:00.006413,0:00:00.007085,1.3
India,WEB,sample.csv,0:00:00.000029,0:00:00.000433,0:00:00.000681,0:00:00.000669,0:00:00.004767,0:00:00.005455,1.3
India,WEB,sample.pdf,0:00:00.000029,0:00:00.000512,0:00:00.000778,0:00:00.000765,0:00:00.004191,0:00:00.004964,1.3
India,WEB,sample.json,0:00:00.000031,0:00:00.000647,0:00:00.000939,0:00:00.000924,0:00:00.006019,0:00:00.006948,1.3
India,WEB,sample.png,0:00:00.000030,0:00:00.000434,0:00:00.000735,0:00:00.000716,0:00:00.006774,0:00:00.007501,1.3
India,WEB,sample.jpg,0:00:00.000030,0:00:00.000454,0:00:00.000780,0:00:00.000767,0:00:00.008942,0:00:00.010214,1.3
India,WEB,sample.json,0:00:00.000032,0:00:00.000457,0:00:00.000708,0:00:00.000690,0:00:00.005716,0:00:00.006417,1.3
India,WEB,sample.json,0:00:00.000020,0:00:00.000424,0:00:00.000689,0:00:00.000665,0:00:00.005722,0:00:00.006396,1.3
India,WEB,sample.jpg,0:00:00.000035,0:00:00.000485,0:00:00.001532,0:00:00.001514,0:00:00.007729,0:00:00.009250,1.3
India,WEB,index.html,0:00:00.000016,0:00:00.000600,0:00:00.000882,0:00:00.000871,0:00:00.022937,0:00:00.023821,1.3
India,WEB,index.html,0:00:00.000030,0:00:00.000412,0:00:00.000677,0:00:00.000662,0:00:00.004571,0:00:00.005252,1.3
India,WEB,sample.png,0:00:00.000030,0:00:00.000406,0:00:00.000679,0:00:00.000665,0:00:00.006180,0:00:00.006932,1.3
India,WEB,sample.csv,0:00:00.000028,0:00:00.000767,0:00:00.001019,0:00:00.000991,0:00:00.004621,0:00:00.005622,1.3
India,WEB,sample.csv,0:00:00.000023,0:00:00.000424,0:00:00.000729,0:00:00.000712,0:00:00.003543,0:00:00.004267,1.3
India,WEB,sample.png,0:00:00.000029,0:00:00.000548,0:00:00.000818,0:00:00.000802,0:00:00.005569,0:00:00.006381,1.3
India,WEB,sample.csv,0:00:00.000020,0:00:00.001129,0:00:00.001413,0:00:00.001390,0:00:00.004462,0:00:00.005866,1.3
India,WEB,sample.jpg,0:00:00.000031,0:00:00.000482,0:00:00.000772,0:00:00.000758,0:00:00.007713,0:00:00.008478,1.3
India,WEB,sample.csv,0:00:00.000020,0:00:00.000882,0:00:00.001174,0:00:00.001160,0:00:00.005872,0:00:00.007135,1.3
India,WEB,index.html,0:00:00.000029,0:00:00.001867,0:00:00.002118,0:00:00.002109,0:00:00.006992,0:00:00.009109,1.3
India,WEB,sample.png,0:00:00.000031,0:00:00.000409,0:00:00.000671,0:00:00.000656,0:00:00.006272,0:00:00.006936,1.3
India,WEB,sample.jpg,0:00:00.000031,0:00:00.000549,0:00:00.001280,0:00:00.001266,0:00:00.014351,0:00:00.015630,1.3
India,WEB,sample.json,0:00:00.000047,0:00:00.000439,0:00:00.000748,0:00:00.000732,0:00:00.004089,0:00:00.004831,1.3
India,WEB,index.html,0:00:00.000031,0:00:00.000513,0:00:00.000777,0:00:00.000761,0:00:00.003722,0:00:00.004488,1.3
India,WEB,sample.jpg,0:00:00.000024,0:00:00.001337,0:00:00.001587,0:00:00.001577,0:00:00.007164,0:00:00.008857,1.3
India,WEB,sample.csv,0:00:00.000046,0:00:00.000454,0:00:00.000735,0:00:00.000718,0:00:00.004536,0:00:00.005273,1.3
India,WEB,sample.jpg,0:00:00.000031,0:00:00.000761,0:00:00.001011,0:00:00.001000,0:00:00.007003,0:00:00.008011,1.3
India,WEB,sample.csv,0:00:00.000020,0:00:00.000745,0:00:00.001044,0:00:00.001027,0:00:00.005764,0:00:00.006855,1.3
India,WEB,index.html,0:00:00.000030,0:00:00.000417,0:00:00.000714,0:00:00.000697,0:00:00.003845,0:00:00.004551,1.3
India,WEB,sample.png,0:00:00.000030,0:00:00.000594,0:00:00.000836,0:00:00.000824,0:00:00.006259,0:00:00.007094,1.3
India,WEB,sample.pdf,0:00:00.000029,0:00:00.000753,0:00:00.001024,0:00:00.001010,0:00:00.003202,0:00:00.004230,1.3
India,WEB,sample.csv,0:00:00.000029,0:00:00.000450,0:00:00.000750,0:00:00.000732,0:00:00.003277,0:00:00.004020,1.3
Germany,WEB,sample.png,0:00:00.000028,0:00:00.000494,0:00:00.000768,0:00:00.000760,0:00:00.076099,0:00:00.076885,1.3
India,WEB,sample.jpg,0:00:00.000030,0:00:00.000411,0:00:00.000704,0:00:00.000690,0:00:00.006951,0:00:00.007651,1.3
India,WEB,sample.json,0:00:00.000031,0:00:00.000498,0:00:00.000753,0:00:00.000737,0:00:00.005341,0:00:00.006084,1.3
India,WEB,sample.pdf,0:00:00.000019,0:00:00.001611,0:00:00.001866,0:00:00.001856,0:00:00.007964,0:00:00.009950,1.3
India,WEB,index.html,0:00:00.000031,0:00:00.000439,0:00:00.000730,0:00:00.000714,0:00:00.005074,0:00:00.005800,1.3
India,WEB,index.html,0:00:00.000030,0:00:00.000429,0:00:00.000852,0:00:00.000839,0:00:00.005582,0:00:00.006547,1.3
India,WEB,sample.csv,0:00:00.000029,0:00:00.000451,0:00:00.001129,0:00:00.001116,0:00:00.003882,0:00:00.005010,1.3
India,WEB,sample.pdf,0:00:00.000030,0:00:00.000496,0:00:00.000787,0:00:00.000770,0:00:00.004023,0:00:00.004800,1.3
India,WEB,sample.pdf,0:00:00.000028,0:00:00.000518,0:00:00.000801,0:00:00.000789,0:00:00.005766,0:00:00.006562,1.3
India,WEB,sample.pdf,0:00:00.000028,0:00:00.000471,0:00:00.004918,0:00:00.004914,0:00:00.008537,0:00:00.013896,1.3
India,WEB,sample.jpg,0:00:00.000032,0:00:00.000633,0:00:00.000913,0:00:00.000899,0:00:00.006682,0:00:00.007589,1.3
India,WEB,sample.jpg,0:00:00.000027,0:00:00.000476,0:00:00.000733,0:00:00.000718,0:00:00.005566,0:00:00.006295,1.3
India,WEB,sample.json,0:00:00.000032,0:00:00.000421,0:00:00.000703,0:00:00.000688,0:00:00.005783,0:00:00.006479,1.3
India,WEB,index.html,0:00:00.000031,0:00:00.000413,0:00:00.000666,0:00:00.000649,0:00:00.003633,0:00:00.004308,1.3
India,WEB,sample.jpg,0:00:00.000031,0:00:00.000427,0:00:00.000703,0:00:00.000685,0:00:00.007737,0:00:00.008428,1.3
India,WEB,sample.jpg,0:00:00.000033,0:00:00.000805,0:00:00.001064,0:00:00.001048,0:00:00.007231,0:00:00.008298,1.3
India,WEB,sample.jpg,0:00:00.000031,0:00:00.000846,0:00:00.001538,0:00:00.001522,0:00:00.006182,0:00:00.007724,1.3
India,WEB,sample.jpg,0:00:00.000034,0:00:00.000521,0:00:00.000814,0:00:00.000800,0:00:00.006642,0:00:00.007453,1.3
India,WEB,sample.json,0:00:00.000030,0:00:00.000513,0:00:00.000798,0:00:00.000781,0:00:00.004226,0:00:00.005318,1.3
India,WEB,sample.png,0:00:00.000020,0:00:00.001404,0:00:00.005396,0:00:00.004989,0:00:00.013096,0:00:00.018268,1.3
India,WEB,sample.json,0:00:00.000299,0:00:00.000410,0:00:00.000984,0:00:00.000967,0:00:00.008221,0:00:00.009349,1.3
India,WEB,index.html,0:00:00.000029,0:00:00.000456,0:00:00.000714,0:00:00.000699,0:00:00.004669,0:00:00.005374,1.3
India,WEB,index.html,0:00:00.000030,0:00:00.000413,0:00:00.000708,0:00:00.000696,0:00:00.003764,0:00:00.004479,1.3
India,WEB,sample.pdf,0:00:00.000031,0:00:00.000525,0:00:00.000779,0:00:00.000760,0:00:00.003080,0:00:00.003850,1.3
India,WEB,sample.json,0:00:00.000018,0:00:00.000527,0:00:00.001248,0:00:00.001231,0:00:00.004445,0:00:00.005682,1.3
India,WEB,sample.png,0:00:00.000030,0:00:00.000408,0:00:00.000655,0:00:00.000643,0:00:00.007613,0:00:00.008265,1.3
India,WEB,sample.csv,0:00:00.000031,0:00:00.000446,0:00:00.000742,0:00:00.000728,0:00:00.006559,0:00:00.007319,1.3
India,WEB,sample.png,0:00:00.000031,0:00:00.000418,0:00:00.000691,0:00:00.000677,0:00:00.007474,0:00:00.008158,1.3
India,WEB,index.html,0:00:00.000031,0:00:00.000425,0:00:00.000709,0:00:00.000695,0:00:00.004944,0:00:00.005651,1.3
India,WEB,sample.pdf,0:00:00.000020,0:00:00.000662,0:00:00.000912,0:00:00.000898,0:00:00.005238,0:00:00.006144,1.3
India,WEB,sample.csv,0:00:00.000030,0:00:00.000424,0:00:00.000703,0:00:00.000692,0:00:00.004433,0:00:00.005134,1.3
India,WEB,sample.jpg,0:00:00.000045,0:00:00.000511,0:00:00.000792,0:00:00.000774,0:00:00.005647,0:00:00.006429,1.3
India,WEB,sample.json,0:00:00.000030,0:00:00.000458,0:00:00.000726,0:00:00.000709,0:00:00.003261,0:00:00.003979,1.3
India,WEB,sample.csv,0:00:00.000031,0:00:00.000764,0:00:00.001054,0:00:00.001042,0:00:00.004888,0:00:00.005956,1.3
India,WEB,index.html,0:00:00.000032,0:00:00.000522,0:00:00.001577,0:00:00.001560,0:00:00.003784,0:00:00.005353,1.3
India,WEB,sample.pdf,0:00:00.000027,0:00:00.000429,0:00:00.000703,0:00:00.000686,0:00:00.004497,0:00:00.005192,1.3
India,WEB,sample.json,0:00:00.000031,0:00:00.000478,0:00:00.001393,0:00:00.001376,0:00:00.003534,0:00:00.004923,1.3
India,WEB,sample.png,0:00:00.000030,0:00:00.000595,0:00:00.000867,0:00:00.000853,0:00:00.006876,0:00:00.007748,1.3
India,WEB,sample.png,0:00:00.000033,0:00:00.000806,0:00:00.001084,0:00:00.001074,0:00:00.008866,0:00:00.009976,1.3
India,WEB,sample.csv,0:00:00.000032,0:00:00.000458,0:00:00.000736,0:00:00.000719,0:00:00.003422,0:00:00.004147,1.3
India,WEB,index.html,0:00:00.000030,0:00:00.002313,0:00:00.002604,0:00:00.002589,0:00:00.004477,0:00:00.007088,1.3
India,WEB,sample.jpg,0:00:00.000027,0:00:00.000609,0:00:00.000866,0:00:00.000852,0:00:00.012483,0:00:00.013343,1.3
India,WEB,sample.png,0:00:00.000031,0:00:00.000641,0:00:00.001538,0:00:00.001528,0:00:00.005370,0:00:00.006905,1.3
India,WEB,sample.json,0:00:00.000029,0:00:00.000851,0:00:00.001296,0:00:00.001288,0:00:00.005320,0:00:00.006618,1.3
India,WEB,index.html,0:00:00.000032,0:00:00.001107,0:00:00.001409,0:00:00.001400,0:00:00.003994,0:00:00.005405,1.3
India,WEB,sample.jpg,0:00:00.000028,0:00:00.000466,0:00:00.000756,0:00:00.000739,0:00:00.007968,0:00:00.008716,1.3
India,WEB,sample.jpg,0:00:00.000030,0:00:00.000424,0:00:00.000763,0:00:00.000750,0:00:00.006441,0:00:00.007641,1.3
India,WEB,sample.csv,0:00:00.000032,0:00:00.000426,0:00:00.000711,0:00:00.000694,0:00:00.004116,0:00:00.004816,1.3
India,WEB,sample.json,0:00:00.000023,0:00:00.000671,0:00:00.000912,0:00:00.000900,0:00:00.004903,0:00:00.005811,1.3
India,WEB,sample.pdf,0:00:00.000032,0:00:00.000569,0:00:00.000846,0:00:00.000831,0:00:00.004198,0:00:00.005037,1.3
India,WEB,sample.csv,0:00:00.000030,0:00:00.000534,0:00:00.001871,0:00:00.001851,0:00:00.003836,0:00:00.005697,1.3
India,WEB,sample.jpg,0:00:00.000031,0:00:00.000724,0:00:00.000982,0:00:00.000964,0:00:00.006970,0:00:00.007941,1.3
India,WEB,sample.pdf,0:00:00.000033,0:00:00.000377,0:00:00.000955,0:00:00.000942,0:00:00.006090,0:00:00.007040,1.3
India,WEB,sample.jpg,0:00:00.000019,0:00:00.001412,0:00:00.001868,0:00:00.001802,0:00:00.015722,0:00:00.017524,1.3
India,WEB,sample.pdf,0:00:00.000032,0:00:00.000614,0:00:00.000903,0:00:00.000888,0:00:00.004058,0:00:00.004953,1.3
India,WEB,sample.png,0:00:00.000031,0:00:00.000466,0:00:00.000779,0:00:00.000767,0:00:00.007971,0:00:00.009430,1.3
India,WEB,sample.csv,0:00:00.000031,0:00:00.000800,0:00:00.001054,0:00:00.001037,0:00:00.004622,0:00:00.005670,1.3
India,WEB,index.html,0:00:00.000030,0:00:00.001321,0:00:00.001574,0:00:00.001561,0:00:00.004835,0:00:00.006406,1.3
India,WEB,index.html,0:00:00.000032,0:00:00.000747,0:00:00.001219,0:00:00.001207,0:00:00.003116,0:00:00.004342,1.3
India,WEB,index.html,0:00:00.000030,0:00:00.000404,0:00:00.000768,0:00:00.000754,0:00:00.003859,0:00:00.004635,1.3
India,VIDEO,100mb,0:00:00.000034,0:00:00.000419,0:00:00.000751,0:00:00.000734,0:00:00.492935,0:00:00.493678,1.3
India,WEB,sample.jpg,0:00:00.000031,0:00:00.000510,0:00:00.000781,0:00:00.000767,0:00:00.009017,0:00:00.009795,1.3
India,WEB,sample.png,0:00:00.000028,0:00:00.000657,0:00:00.000952,0:00:00.000936,0:00:00.013654,0:00:00.014602,1.3
India,WEB,sample.json,0:00:00.000031,0:00:00.000441,0:00:00.000732,0:00:00.000717,0:00:00.004383,0:00:00.005110,1.3
India,WEB,index.html,0:00:00.000025,0:00:00.000462,0:00:00.001546,0:00:00.001534,0:00:00.002893,0:00:00.004438,1.3
India,WEB,sample.png,0:00:00.000031,0:00:00.000546,0:00:00.000834,0:00:00.000818,0:00:00.007359,0:00:00.008197,1.3
India,WEB,sample.json,0:00:00.000038,0:00:00.000501,0:00:00.000769,0:00:00.000755,0:00:00.004213,0:00:00.004989,1.3
India,WEB,sample.csv,0:00:00.000030,0:00:00.000432,0:00:00.000681,0:00:00.000663,0:00:00.004848,0:00:00.005518,1.3
India,WEB,sample.csv,0:00:00.000040,0:00:00.000443,0:00:00.000783,0:00:00.000769,0:00:00.004237,0:00:00.005018,1.3
India,WEB,sample.png,0:00:00.000032,0:00:00.000431,0:00:00.001272,0:00:00.001256,0:00:00.007689,0:00:00.008952,1.3
India,WEB,index.html,0:00:00.000042,0:00:00.000504,0:00:00.000826,0:00:00.000808,0:00:00.003341,0:00:00.004158,1.3
India,WEB,sample.jpg,0:00:00.000031,0:00:00.000447,0:00:00.000721,0:00:00.000705,0:00:00.007745,0:00:00.008461,1.3
India,WEB,sample.json,0:00:00.000031,0:00:00.000866,0:00:00.001389,0:00:00.001374,0:00:00.004137,0:00:00.005521,1.3
India,WEB,sample.png,0:00:00.000031,0:00:00.000716,0:00:00.000985,0:00:00.000969,0:00:00.007225,0:00:00.008202,1.3
India,WEB,sample.csv,0:00:00.000020,0:00:00.000442,0:00:00.000799,0:00:00.000786,0:00:00.007055,0:00:00.008005,1.3
India,WEB,sample.jpg,0:00:00.000031,0:00:00.000383,0:00:00.000651,0:00:00.000636,0:00:00.007174,0:00:00.007934,1.3
India,WEB,index.html,0:00:00.000021,0:00:00.000417,0:00:00.000667,0:00:00.000651,0:00:00.004248,0:00:00.004904,1.3
India,WEB,sample.pdf,0:00:00.000030,0:00:00.000406,0:00:00.000692,0:00:00.000678,0:00:00.003594,0:00:00.004290,1.3
India,WEB,sample.jpg,0:00:00.000026,0:00:00.000896,0:00:00.001378,0:00:00.001362,0:00:00.017192,0:00:00.018739,1.3
India,WEB,sample.jpg,0:00:00.000030,0:00:00.000417,0:00:00.000679,0:00:00.000665,0:00:00.008756,0:00:00.009429,1.3
India,WEB,sample.jpg,0:00:00.000033,0:00:00.001098,0:00:00.001450,0:00:00.001431,0:00:00.006126,0:00:00.007579,1.3
India,WEB,index.html,0:00:00.000027,0:00:00.001350,0:00:00.001812,0:00:00.001783,0:00:00.007302,0:00:00.009108,1.3
India,VIDEO,10mb,0:00:00.000031,0:00:00.000748,0:00:00.001022,0:00:00.000688,0:00:00.041146,0:00:00.041846,1.3
India,WEB,sample.png,0:00:00.000030,0:00:00.000387,0:00:00.000699,0:00:00.000687,0:00:00.006870,0:00:00.007561,1.3
India,WEB,sample.json,0:00:00.000029,0:00:00.000431,0:00:00.000715,0:00:00.000698,0:00:00.004398,0:00:00.005106,1.3
India,WEB,sample.pdf,0:00:00.000031,0:00:00.000632,0:00:00.000884,0:00:00.000869,0:00:00.004790,0:00:00.005665,1.3
India,WEB,sample.png,0:00:00.000030,0:00:00.000797,0:00:00.001110,0:00:00.001093,0:00:00.007827,0:00:00.008929,1.3
India,WEB,sample.json,0:00:00.000030,0:00:00.000684,0:00:00.000938,0:00:00.000925,0:00:00.003372,0:00:00.004304,1.3
India,WEB,sample.csv,0:00:00.000031,0:00:00.000448,0:00:00.000699,0:00:00.000682,0:00:00.003722,0:00:00.004413,1.3
India,WEB,sample.jpg,0:00:00.000037,0:00:00.000663,0:00:00.002062,0:00:00.002037,0:00:00.011611,0:00:00.013665,1.3
India,WEB,sample.jpg,0:00:00.000033,0:00:00.002653,0:00:00.002935,0:00:00.002920,0:00:00.006954,0:00:00.009884,1.3
India,WEB,sample.pdf,0:00:00.000029,0:00:00.000652,0:00:00.001639,0:00:00.001629,0:00:00.005346,0:00:00.006983,1.3
India,WEB,sample.json,0:00:00.000033,0:00:00.000430,0:00:00.000714,0:00:00.000698,0:00:00.005585,0:00:00.006291,1.3
India,WEB,sample.pdf,0:00:00.000027,0:00:00.000608,0:00:00.000881,0:00:00.000867,0:00:00.005165,0:00:00.006053,1.3
India,WEB,sample.json,0:00:00.000469,0:00:00.000439,0:00:00.002731,0:00:00.002713,0:00:00.005243,0:00:00.007964,1.3
India,WEB,sample.json,0:00:00.000043,0:00:00.000452,0:00:00.000752,0:00:00.000735,0:00:00.003353,0:00:00.004100,1.3
India,WEB,index.html,0:00:00.000043,0:00:00.000418,0:00:00.000689,0:00:00.000675,0:00:00.004182,0:00:00.004868,1.3
India,WEB,sample.pdf,0:00:00.000023,0:00:00.000457,0:00:00.000731,0:00:00.000716,0:00:00.004456,0:00:00.005181,1.3
India,WEB,sample.jpg,0:00:00.000032,0:00:00.000419,0:00:00.000687,0:00:00.000673,0:00:00.010200,0:00:00.010881,1.3
India,WEB,sample.png,0:00:00.000030,0:00:00.000446,0:00:00.000698,0:00:00.000682,0:00:00.006866,0:00:00.007569,1.3
India,WEB,sample.jpg,0:00:00.000032,0:00:00.000449,0:00:00.000760,0:00:00.000742,0:00:00.007358,0:00:00.008867,1.3
Germany,WEB,sample.png,0:00:00.000025,0:00:00.000393,0:00:00.000668,0:00:00.000653,0:00:00.011110,0:00:00.011788,1.3
India,WEB,sample.pdf,0:00:00.000030,0:00:00.000549,0:00:00.000839,0:00:00.000823,0:00:00.004138,0:00:00.004981,1.3
India,WEB,sample.jpg,0:00:00.000022,0:00:00.000712,0:00:00.000961,0:00:00.000947,0:00:00.009510,0:00:00.010467,1.3
India,WEB,sample.pdf,0:00:00.000029,0:00:00.000497,0:00:00.001532,0:00:00.001516,0:00:00.004853,0:00:00.006380,1.3
India,WEB,sample.pdf,0:00:00.000025,0:00:00.000492,0:00:00.000818,0:00:00.000802,0:00:00.005723,0:00:00.006535,1.3
India,WEB,sample.png,0:00:00.000030,0:00:00.000439,0:00:00.000772,0:00:00.000761,0:00:00.008466,0:00:00.009239,1.3
India,WEB,sample.pdf,0:00:00.000028,0:00:00.000469,0:00:00.000733,0:00:00.000716,0:00:00.004710,0:00:00.005448,1.3
India,WEB,sample.json,0:00:00.000031,0:00:00.000502,0:00:00.000771,0:00:00.000758,0:00:00.005242,0:00:00.006128,1.3
India,WEB,sample.json,0:00:00.000032,0:00:00.000725,0:00:00.001142,0:00:00.001113,0:00:00.005524,0:00:00.006645,1.3
India,WEB,sample.pdf,0:00:00.000045,0:00:00.000414,0:00:00.000686,0:00:00.000667,0:00:00.003988,0:00:00.004667,1.3
India,WEB,index.html,0:00:00.000027,0:00:00.000417,0:00:00.000691,0:00:00.000676,0:00:00.003780,0:00:00.004468,1.3
India,WEB,sample.json,0:00:00.000025,0:00:00.000502,0:00:00.000798,0:00:00.000783,0:00:00.003882,0:00:00.004676,1.3
India,WEB,sample.png,0:00:00.000021,0:00:00.000364,0:00:00.001576,0:00:00.001561,0:00:00.012287,0:00:00.013861,1.3
India,WEB,sample.json,0:00:00.000031,0:00:00.000424,0:00:00.000733,0:00:00.000721,0:00:00.003883,0:00:00.004610,1.3
India,WEB,sample.csv,0:00:00.000021,0:00:00.000547,0:00:00.000835,0:00:00.000821,0:00:00.005114,0:00:00.006060,1.3
India,WEB,sample.png,0:00:00.000031,0:00:00.000484,0:00:00.000750,0:00:00.000731,0:00:00.006427,0:00:00.007247,1.3
India,WEB,index.html,0:00:00.000030,0:00:00.000524,0:00:00.001172,0:00:00.001158,0:00:00.005102,0:00:00.006269,1.3
India,WEB,sample.csv,0:00:00.000025,0:00:00.000450,0:00:00.000704,0:00:00.000678,0:00:00.003694,0:00:00.004383,1.3
India,WEB,sample.pdf,0:00:00.000031,0:00:00.001067,0:00:00.001336,0:00:00.001321,0:00:00.003660,0:00:00.004995,1.3
India,WEB,sample.csv,0:00:00.000031,0:00:00.000430,0:00:00.000691,0:00:00.000675,0:00:00.003409,0:00:00.004107,1.3
India,WEB,sample.pdf,0:00:00.000029,0:00:00.000498,0:00:00.001078,0:00:00.001067,0:00:00.003870,0:00:00.004963,1.3
India,WEB,sample.png,0:00:00.000045,0:00:00.000403,0:00:00.000671,0:00:00.000662,0:00:00.007152,0:00:00.007819,1.3
India,WEB,sample.png,0:00:00.000030,0:00:00.000795,0:00:00.001125,0:00:00.001117,0:00:00.013551,0:00:00.014678,1.3
India,WEB,sample.csv,0:00:00.000032,0:00:00.000417,0:00:00.000691,0:00:00.000674,0:00:00.004918,0:00:00.005602,1.3
India,WEB,sample.jpg,0:00:00.000031,0:00:00.000553,0:00:00.001911,0:00:00.001889,0:00:00.021146,0:00:00.023138,1.3
India,WEB,sample.jpg,0:00:00.000031,0:00:00.001386,0:00:00.001655,0:00:00.001646,0:00:00.025497,0:00:00.027714,1.3
India,WEB,sample.jpg,0:00:00.000033,0:00:00.000477,0:00:00.000814,0:00:00.000801,0:00:00.008047,0:00:00.008876,1.3
India,WEB,sample.jpg,0:00:00.000032,0:00:00.000430,0:00:00.000706,0:00:00.000696,0:00:00.007279,0:00:00.007998,1.3
India,WEB,sample.png,0:00:00.000033,0:00:00.001294,0:00:00.001797,0:00:00.001781,0:00:00.006287,0:00:00.008078,1.3
India,WEB,sample.jpg,0:00:00.000030,0:00:00.000489,0:00:00.000790,0:00:00.000771,0:00:00.006828,0:00:00.007606,1.3
India,WEB,sample.json,0:00:00.000026,0:00:00.000445,0:00:00.000731,0:00:00.000716,0:00:00.007444,0:00:00.008176,1.3
India,WEB,index.html,0:00:00.000030,0:00:00.000403,0:00:00.000697,0:00:00.000683,0:00:00.003469,0:00:00.004281,1.3
India,WEB,sample.json,0:00:00.000033,0:00:00.000477,0:00:00.000753,0:00:00.000737,0:00:00.004129,0:00:00.004874,1.3
India,WEB,sample.csv,0:00:00.000030,0:00:00.000527,0:00:00.000780,0:00:00.000740,0:00:00.003482,0:00:00.004230,1.3
India,WEB,sample.json,0:00:00.000030,0:00:00.000447,0:00:00.000721,0:00:00.000705,0:00:00.003022,0:00:00.003841,1.3
India,WEB,sample.jpg,0:00:00.000027,0:00:00.000491,0:00:00.000742,0:00:00.000726,0:00:00.005878,0:00:00.006616,1.3
India,WEB,sample.pdf,0:00:00.000041,0:00:00.000386,0:00:00.000688,0:00:00.000673,0:00:00.004189,0:00:00.004954,1.3
India,WEB,sample.jpg,0:00:00.000031,0:00:00.000442,0:00:00.000794,0:00:00.000780,0:00:00.005819,0:00:00.006609,1.3
India,WEB,sample.jpg,0:00:00.000028,0:00:00.000428,0:00:00.000682,0:00:00.000668,0:00:00.006476,0:00:00.007153,1.3
India,WEB,sample.csv,0:00:00.000029,0:00:00.000889,0:00:00.001157,0:00:00.001145,0:00:00.004118,0:00:00.005275,1.3
India,WEB,sample.jpg,0:00:00.000030,0:00:00.000410,0:00:00.000689,0:00:00.000675,0:00:00.006350,0:00:00.007037,1.3
India,WEB,sample.jpg,0:00:00.000032,0:00:00.000835,0:00:00.001096,0:00:00.001082,0:00:00.008735,0:00:00.009823,1.3
India,WEB,index.html,0:00:00.000030,0:00:00.000436,0:00:00.000701,0:00:00.000680,0:00:00.003778,0:00:00.004481,1.3
India,WEB,sample.jpg,0:00:00.000023,0:00:00.000426,0:00:00.000678,0:00:00.000664,0:00:00.006826,0:00:00.007516,1.3
India,WEB,sample.csv,0:00:00.000028,0:00:00.000462,0:00:00.000752,0:00:00.000737,0:00:00.003527,0:00:00.004277,1.3
India,WEB,sample.csv,0:00:00.000033,0:00:00.000519,0:00:00.000851,0:00:00.000834,0:00:00.004644,0:00:00.005487,1.3
India,WEB,sample.pdf,0:00:00.000031,0:00:00.000430,0:00:00.000713,0:00:00.000685,0:00:00.004555,0:00:00.005250,1.3
India,WEB,sample.json,0:00:00.000032,0:00:00.000491,0:00:00.002988,0:00:00.002971,0:00:00.003549,0:00:00.006530,1.3
India,WEB,sample.json,0:00:00.000019,0:00:00.000440,0:00:00.000696,0:00:00.000680,0:00:00.012575,0:00:00.013272,1.3
India,WEB,sample.pdf,0:00:00.000029,0:00:00.000422,0:00:00.000705,0:00:00.000689,0:00:00.003941,0:00:00.004637,1.3
India,WEB,index.html,0:00:00.000022,0:00:00.000796,0:00:00.001059,0:00:00.001048,0:00:00.004476,0:00:00.005837,1.3
India,WEB,sample.pdf,0:00:00.000031,0:00:00.000478,0:00:00.000900,0:00:00.000893,0:00:00.006003,0:00:00.007017,1.3
India,WEB,sample.png,0:00:00.000032,0:00:00.000783,0:00:00.001454,0:00:00.001437,0:00:00.007029,0:00:00.008478,1.3
India,WEB,sample.pdf,0:00:00.000045,0:00:00.000919,0:00:00.001217,0:00:00.001202,0:00:00.003476,0:00:00.004701,1.3
India,WEB,sample.csv,0:00:00.000020,0:00:00.001118,0:00:00.001725,0:00:00.001717,0:00:00.006865,0:00:00.008589,1.3
India,WEB,sample.json,0:00:00.000034,0:00:00.000399,0:00:00.000848,0:00:00.000834,0:00:00.007115,0:00:00.007962,1.3
India,WEB,index.html,0:00:00.000036,0:00:00.000432,0:00:00.000724,0:00:00.000708,0:00:00.003667,0:00:00.004394,1.3
India,WEB,sample.json,0:00:00.000027,0:00:00.000439,0:00:00.000713,0:00:00.000700,0:00:00.004585,0:00:00.005297,1.3
India,WEB,sample.pdf,0:00:00.000031,0:00:00.000388,0:00:00.000652,0:00:00.000634,0:00:00.003988,0:00:00.004630,1.3
India,WEB,sample.json,0:00:00.000032,0:00:00.000794,0:00:00.001088,0:00:00.001066,0:00:00.003917,0:00:00.004997,1.3
India,WEB,sample.csv,0:00:00.000030,0:00:00.000852,0:00:00.001098,0:00:00.001082,0:00:00.003910,0:00:00.005002,1.3
India,WEB,index.html,0:00:00.000020,0:00:00.000359,0:00:00.000623,0:00:00.000605,0:00:00.004065,0:00:00.004707,1.3
